timestep,state_environment_effect,information_environment_effect,reference_entropy,open_entropy,delta_entropy,reference_instability,open_instability,delta_instability
0,0.0,0.0,-0.08105941,-0.08105941,0.0,0.27227485,0.27227485,0.0
1,0.0070512495,0.0005713095,-0.05162117,-0.051532596,8.85725e-05,0.2648355,0.26398963,-0.0008458793
2,0.0065258536,0.0012334322,-0.024491137,-0.024415495,7.564202e-05,0.23375951,0.23311993,-0.00063957274
3,0.0061399178,0.0014954875,0.0009248731,0.001002083,7.720984e-05,0.22856323,0.22792563,-0.0006376058
4,0.005916747,0.0010777405,0.02507303,0.025173428,0.000100398436,0.22188836,0.22135495,-0.00053341687
5,0.006286976,0.0020570608,0.04801316,0.048125014,0.00011185557,0.21625015,0.21535233,-0.00089782476
6,0.0058350777,0.0020391366,0.0693484,0.06945551,0.00010710955,0.20004809,0.19962719,-0.0004208982
7,0.005415499,0.0023686117,0.08976597,0.08987095,0.00010497868,0.19550425,0.19505176,-0.00045248866
8,0.0053050676,0.002053421,0.1094802,0.10959195,0.00011175126,0.18587255,0.18548417,-0.00038838387
9,0.005358702,0.0026169673,0.12786868,0.12798554,0.000116854906,0.18306361,0.18253975,-0.0005238652
10,0.005193283,0.0025133588,0.14502856,0.14514354,0.00011497736,0.17264074,0.17233868,-0.00030206144
11,0.005025218,0.0024816194,0.16148043,0.16159208,0.0001116544,0.16480121,0.1645254,-0.0002758056
12,0.0049774623,0.0021532818,0.17735355,0.1774673,0.000113755465,0.16216487,0.16193682,-0.00022804737
13,0.0049966224,0.002184235,0.19215856,0.19227579,0.000117227435,0.15558201,0.15531741,-0.00026459992
14,0.0049435697,0.0024528457,0.20590244,0.20601791,0.0001154691,0.14622241,0.14599878,-0.00022363663
15,0.0048719347,0.0018882866,0.21911162,0.21922237,0.00011074543,0.14310017,0.14286678,-0.00023339689
16,0.004840846,0.0013794977,0.23191006,0.23202042,0.000110358,0.13774604,0.13752005,-0.00022599101
17,0.004853664,0.0014617608,0.24366,0.24377201,0.00011201203,0.13139388,0.1312109,-0.00018298626
18,0.004841191,0.0018190355,0.254596,0.2547054,0.000109404325,0.124671675,0.124534175,-0.00013750046
19,0.0048039006,0.0020484687,0.26522258,0.2653268,0.00010421872,0.12152985,0.12135611,-0.00017374009
20,0.0047872113,0.0014919745,0.27529117,0.2753938,0.0001026392,0.11647411,0.11631496,-0.0001591444
21,0.004808788,0.0022382317,0.2847651,0.28486803,0.00010293722,0.11245066,0.11230766,-0.000142999
22,0.004825374,0.002231316,0.2937242,0.2938246,0.000100404024,0.10748408,0.10728885,-0.00019522756
23,0.0048175855,0.0019685621,0.30228373,0.30238008,9.635091e-05,0.10480909,0.104633175,-0.00017591566
24,0.0048243916,0.0013873916,0.31042585,0.31052044,9.459257e-05,0.10161422,0.10143034,-0.00018388033
25,0.004861836,0.0018927517,0.3180402,0.31813446,9.4264746e-05,0.098376274,0.09818668,-0.00018959492
26,0.004901606,0.001992582,0.32537606,0.32546845,9.23872e-05,0.09545526,0.09524657,-0.00020869076
27,0.0049262648,0.002314929,0.33231223,0.332402,8.9764595e-05,0.0929486,0.09273236,-0.0002162382
28,0.0049609332,0.0014645974,0.33893335,0.33902156,8.8214874e-05,0.09040293,0.09018228,-0.00022064894
29,0.0050167628,0.0021700263,0.34509617,0.34518364,8.7469816e-05,0.08783691,0.08761241,-0.00022449344
30,0.0050768056,0.002390361,0.35103822,0.3511243,8.606911e-05,0.085391805,0.085154556,-0.00023724884
31,0.005132088,0.0019877844,0.35670775,0.35679212,8.4370375e-05,0.083098665,0.08285936,-0.0002393052
32,0.0051945103,0.0020776298,0.3620302,0.36211327,8.305907e-05,0.08088493,0.08063999,-0.0002449453
33,0.0052691824,0.002298058,0.36709753,0.36717954,8.201599e-05,0.07872287,0.0784702,-0.00025267154
34,0.0053487257,0.002087001,0.37194577,0.3720266,8.08239e-05,0.07662525,0.07636636,-0.00025889277
35,0.0054293736,0.0024806294,0.37648916,0.37656868,7.9512596e-05,0.07464148,0.07437844,-0.00026304275
36,0.0055151726,0.0026593911,0.38085374,0.38093203,7.82907e-05,0.0726842,0.072419114,-0.0002650842
37,0.0056078685,0.0026513971,0.38500285,0.38507998,7.712841e-05,0.07080899,0.07053886,-0.00027012825
38,0.0057046134,0.002743836,0.38896683,0.38904276,7.593632e-05,0.06895055,0.06867537,-0.00027517974
39,0.0058041927,0.002911802,0.39276296,0.39283767,7.471442e-05,0.067179896,0.06689239,-0.000287503
40,0.005907692,0.002663379,0.39633772,0.39641124,7.352233e-05,0.0655106,0.06521766,-0.00029294193
41,0.006015139,0.0030859197,0.39971852,0.39979088,7.236004e-05,0.06389253,0.0635942,-0.0002983287
42,0.006125669,0.003073329,0.4029549,0.40302604,7.113814e-05,0.06231901,0.062020715,-0.00029829517
43,0.006238895,0.0032255396,0.40603358,0.4061035,6.991625e-05,0.06081128,0.060507104,-0.0003041774
44,0.006354761,0.0024405925,0.4089747,0.40904337,6.866455e-05,0.059351876,0.059041962,-0.00030991435
45,0.0064730165,0.0026809485,0.41179204,0.41185945,6.741285e-05,0.057911783,0.05759874,-0.0003130436
46,0.006593417,0.0028668048,0.41445655,0.4145227,6.6161156e-05,0.056550227,0.05625023,-0.00029999763
47,0.0067154737,0.0026244142,0.41698173,0.41704664,6.490946e-05,0.05523867,0.054968223,-0.00027044863
48,0.006838981,0.0033112534,0.41939265,0.41945624,6.3598156e-05,0.053988002,0.05373629,-0.00025171041
49,0.0069638593,0.002355428,0.4216392,0.42170155,6.234646e-05,0.052809935,0.05259011,-0.00021982566
50,0.0070898985,0.0030417414,0.42381024,0.42387128,6.1035156e-05,0.051646397,0.05144488,-0.00020151585
51,0.0072168033,0.0031555607,0.42584392,0.42590368,5.9753656e-05,0.050569266,0.050385043,-0.00018422306
52,0.007344346,0.0031478163,0.42776504,0.42782345,5.8412552e-05,0.049513064,0.04934439,-0.0001686737
53,0.007472567,0.0033249003,0.42958742,0.4296445,5.7071447e-05,0.048505098,0.048352905,-0.00015219301
54,0.007601141,0.0034234459,0.43129164,0.4313474,5.5760145e-05,0.047541525,0.047401503,-0.00014002249
55,0.007729927,0.0033790753,0.43290827,0.4329627,5.441904e-05,0.046613045,0.046487324,-0.0001257211
56,0.00785875,0.0035559586,0.4344616,0.43451467,5.3077936e-05,0.045725033,0.045617707,-0.00010732561
57,0.007987599,0.0038984602,0.4359234,0.4359751,5.170703e-05,0.044876985,0.04478083,-9.615347e-05
58,0.008116194,0.0034535914,0.43730497,0.43735528,5.030632e-05,0.044036366,0.043951623,-8.4742904e-05
59,0.008244512,0.004044676,0.4385995,0.4386484,4.890561e-05,0.043245338,0.043167166,-7.817149e-05
60,0.008372542,0.0037858174,0.43981344,0.43986094,4.7504902e-05,0.04243743,0.04236477,-7.266179e-05
61,0.008500334,0.0039399657,0.4409744,0.44102046,4.6044588e-05,0.041647315,0.04158729,-6.0025603e-05
62,0.00862762,0.004044822,0.4420461,0.44209075,4.464388e-05,0.040932268,0.0408797,-5.256757e-05
63,0.00875393,0.003603673,0.44306022,0.4431034,4.3183565e-05,0.040187113,0.040143132,-4.3980777e-05
64,0.00887954,0.0033307993,0.44399902,0.44404075,4.172325e-05,0.03952702,0.03948074,-4.6283007e-05
65,0.009004396,0.0033984913,0.44491985,0.44496006,4.0203333e-05,0.038811885,0.03876324,-4.864484e-05
66,0.009128545,0.0040497,0.44577095,0.44580963,3.8683414e-05,0.03812045,0.03806948,-5.0969422e-05
67,0.009251549,0.003543367,0.44655925,0.4465964,3.7163496e-05,0.037476454,0.037423126,-5.332753e-05
68,0.009373751,0.0036554914,0.4472991,0.44733468,3.5583973e-05,0.03681209,0.036756378,-5.5711716e-05
69,0.009495021,0.004320922,0.44796443,0.44799852,3.4093857e-05,0.03624864,0.03619059,-5.8047473e-05
70,0.009615356,0.0042769327,0.44859535,0.44862786,3.2514334e-05,0.035644643,0.035584234,-6.0409307e-05
71,0.009734876,0.0044578156,0.4491797,0.44921067,3.0964613e-05,0.03504561,0.034982894,-6.271526e-05
72,0.00985317,0.0044732867,0.44971544,0.44974482,2.938509e-05,0.034478012,0.034412965,-6.5047294e-05
73,0.009970418,0.0041849315,0.45019266,0.45022044,2.7775764e-05,0.033900395,0.033833034,-6.73607e-05
74,0.0100863585,0.0041230996,0.45063534,0.45066154,2.6196241e-05,0.033382136,0.03331247,-6.9666654e-05
75,0.010201259,0.0047055744,0.45103458,0.45105916,2.4586916e-05,0.03287858,0.032806613,-7.196888e-05
76,0.010315077,0.0047033606,0.45139423,0.4514172,2.297759e-05,0.032346345,0.032272115,-7.4230134e-05
77,0.0104277525,0.004587394,0.45171782,0.45173913,2.130866e-05,0.031839605,0.031763144,-7.646158e-05
78,0.010539254,0.004246168,0.45200464,0.4520243,1.9669533e-05,0.031347163,0.031269394,-7.776916e-05
79,0.010649669,0.004667667,0.45225456,0.45227253,1.79708e-05,0.03083663,0.03076699,-6.964058e-05
80,0.01075876,0.0040222374,0.45247266,0.45248893,1.6272068e-05,0.03037285,0.030309098,-6.3752756e-05
81,0.010866434,0.0043065855,0.45265934,0.45267394,1.4603138e-05,0.029936211,0.029880071,-5.6140125e-05
82,0.010973196,0.0035855738,0.45281768,0.45283052,1.2844801e-05,0.02946259,0.029416924,-4.566647e-05
83,0.011078626,0.004255934,0.45293665,0.4529477,1.1056662e-05,0.028977131,0.028936263,-4.0868297e-05
84,0.011182993,0.004082604,0.4530343,0.45304364,9.328127e-06,0.02854506,0.028510207,-3.4851953e-05
85,0.011286298,0.0040119337,0.4531128,0.45312038,7.56979e-06,0.028145062,0.028117856,-2.7205795e-05
86,0.011388157,0.004332057,0.45315018,0.45315596,5.7816505e-06,0.027709924,0.027690891,-1.9032508e-05
87,0.011488836,0.0042399745,0.45316952,0.45317355,4.0233135e-06,0.027311247,0.027298918,-1.2328848e-05
88,0.011588198,0.0042555537,0.4531545,0.4531567,2.2053719e-06,0.026916718,0.026905548,-1.1170283e-05
89,0.011686259,0.003920908,0.45312688,0.45312724,3.5762787e-07,0.026536854,0.026531912,-4.9415976e-06
90,0.011783292,0.0036511864,0.4530509,0.45304945,-1.4603138e-06,0.026119445,0.026130702,1.1257827e-05
91,0.011879221,0.0039780946,0.4529466,0.45294327,-3.33786e-06,0.025707293,0.02573644,2.9146671e-05
92,0.011973706,0.0039326344,0.45284805,0.45284292,-5.1259995e-06,0.025361734,0.025398076,3.634207e-05
93,0.012067062,0.0038273227,0.45273158,0.45272458,-7.0035458e-06,0.025012547,0.025055198,4.265085e-05
94,0.012159102,0.0037984834,0.45258826,0.4525793,-8.970499e-06,0.024654474,0.024708856,5.4381788e-05
95,0.012250299,0.003928718,0.4524479,0.4524371,-1.0788441e-05,0.024345847,0.024406549,6.0701743e-05
96,0.01234043,0.0042405473,0.45228046,0.45226777,-1.2695789e-05,0.024021927,0.024089586,6.765872e-05
97,0.012429591,0.0039428677,0.45206362,0.45204896,-1.4662743e-05,0.023659661,0.023737453,7.779151e-05
98,0.012517472,0.004332104,0.45187375,0.45185718,-1.6570091e-05,0.023364441,0.023448262,8.3820894e-05
99,0.012604436,0.004551254,0.45164484,0.4516263,-1.8537045e-05,0.02304806,0.023139426,9.136647e-05
