regime,timestep,gamma,noise_sigma,trajectory_length,spatial_points,information_dimension,reference_gamma,representation,environment_conditioned
low_noise,0,0.01,0.02,100,128,6,0.0,R + full_information_amplitude,True
low_noise,1,0.01,0.02,100,128,6,0.0,R + full_information_amplitude,True
low_noise,2,0.01,0.02,100,128,6,0.0,R + full_information_amplitude,True
low_noise,3,0.01,0.02,100,128,6,0.0,R + full_information_amplitude,True
low_noise,4,0.01,0.02,100,128,6,0.0,R + full_information_amplitude,True
low_noise,5,0.01,0.02,100,128,6,0.0,R + full_information_amplitude,True
low_noise,6,0.01,0.02,100,128,6,0.0,R + full_information_amplitude,True
low_noise,7,0.01,0.02,100,128,6,0.0,R + full_information_amplitude,True
low_noise,8,0.01,0.02,100,128,6,0.0,R + full_information_amplitude,True
low_noise,9,0.01,0.02,100,128,6,0.0,R + full_information_amplitude,True
low_noise,10,0.01,0.02,100,128,6,0.0,R + full_information_amplitude,True
low_noise,11,0.01,0.02,100,128,6,0.0,R + full_information_amplitude,True
low_noise,12,0.01,0.02,100,128,6,0.0,R + full_information_amplitude,True
low_noise,13,0.01,0.02,100,128,6,0.0,R + full_information_amplitude,True
low_noise,14,0.01,0.02,100,128,6,0.0,R + full_information_amplitude,True
low_noise,15,0.01,0.02,100,128,6,0.0,R + full_information_amplitude,True
low_noise,16,0.01,0.02,100,128,6,0.0,R + full_information_amplitude,True
low_noise,17,0.01,0.02,100,128,6,0.0,R + full_information_amplitude,True
low_noise,18,0.01,0.02,100,128,6,0.0,R + full_information_amplitude,True
low_noise,19,0.01,0.02,100,128,6,0.0,R + full_information_amplitude,True
low_noise,20,0.01,0.02,100,128,6,0.0,R + full_information_amplitude,True
low_noise,21,0.01,0.02,100,128,6,0.0,R + full_information_amplitude,True
low_noise,22,0.01,0.02,100,128,6,0.0,R + full_information_amplitude,True
low_noise,23,0.01,0.02,100,128,6,0.0,R + full_information_amplitude,True
low_noise,24,0.01,0.02,100,128,6,0.0,R + full_information_amplitude,True
low_noise,25,0.01,0.02,100,128,6,0.0,R + full_information_amplitude,True
low_noise,26,0.01,0.02,100,128,6,0.0,R + full_information_amplitude,True
low_noise,27,0.01,0.02,100,128,6,0.0,R + full_information_amplitude,True
low_noise,28,0.01,0.02,100,128,6,0.0,R + full_information_amplitude,True
low_noise,29,0.01,0.02,100,128,6,0.0,R + full_information_amplitude,True
low_noise,30,0.01,0.02,100,128,6,0.0,R + full_information_amplitude,True
low_noise,31,0.01,0.02,100,128,6,0.0,R + full_information_amplitude,True
low_noise,32,0.01,0.02,100,128,6,0.0,R + full_information_amplitude,True
low_noise,33,0.01,0.02,100,128,6,0.0,R + full_information_amplitude,True
low_noise,34,0.01,0.02,100,128,6,0.0,R + full_information_amplitude,True
low_noise,35,0.01,0.02,100,128,6,0.0,R + full_information_amplitude,True
low_noise,36,0.01,0.02,100,128,6,0.0,R + full_information_amplitude,True
low_noise,37,0.01,0.02,100,128,6,0.0,R + full_information_amplitude,True
low_noise,38,0.01,0.02,100,128,6,0.0,R + full_information_amplitude,True
low_noise,39,0.01,0.02,100,128,6,0.0,R + full_information_amplitude,True
low_noise,40,0.01,0.02,100,128,6,0.0,R + full_information_amplitude,True
low_noise,41,0.01,0.02,100,128,6,0.0,R + full_information_amplitude,True
low_noise,42,0.01,0.02,100,128,6,0.0,R + full_information_amplitude,True
low_noise,43,0.01,0.02,100,128,6,0.0,R + full_information_amplitude,True
low_noise,44,0.01,0.02,100,128,6,0.0,R + full_information_amplitude,True
low_noise,45,0.01,0.02,100,128,6,0.0,R + full_information_amplitude,True
low_noise,46,0.01,0.02,100,128,6,0.0,R + full_information_amplitude,True
low_noise,47,0.01,0.02,100,128,6,0.0,R + full_information_amplitude,True
low_noise,48,0.01,0.02,100,128,6,0.0,R + full_information_amplitude,True
low_noise,49,0.01,0.02,100,128,6,0.0,R + full_information_amplitude,True
low_noise,50,0.01,0.02,100,128,6,0.0,R + full_information_amplitude,True
low_noise,51,0.01,0.02,100,128,6,0.0,R + full_information_amplitude,True
low_noise,52,0.01,0.02,100,128,6,0.0,R + full_information_amplitude,True
low_noise,53,0.01,0.02,100,128,6,0.0,R + full_information_amplitude,True
low_noise,54,0.01,0.02,100,128,6,0.0,R + full_information_amplitude,True
low_noise,55,0.01,0.02,100,128,6,0.0,R + full_information_amplitude,True
low_noise,56,0.01,0.02,100,128,6,0.0,R + full_information_amplitude,True
low_noise,57,0.01,0.02,100,128,6,0.0,R + full_information_amplitude,True
low_noise,58,0.01,0.02,100,128,6,0.0,R + full_information_amplitude,True
low_noise,59,0.01,0.02,100,128,6,0.0,R + full_information_amplitude,True
low_noise,60,0.01,0.02,100,128,6,0.0,R + full_information_amplitude,True
low_noise,61,0.01,0.02,100,128,6,0.0,R + full_information_amplitude,True
low_noise,62,0.01,0.02,100,128,6,0.0,R + full_information_amplitude,True
low_noise,63,0.01,0.02,100,128,6,0.0,R + full_information_amplitude,True
low_noise,64,0.01,0.02,100,128,6,0.0,R + full_information_amplitude,True
low_noise,65,0.01,0.02,100,128,6,0.0,R + full_information_amplitude,True
low_noise,66,0.01,0.02,100,128,6,0.0,R + full_information_amplitude,True
low_noise,67,0.01,0.02,100,128,6,0.0,R + full_information_amplitude,True
low_noise,68,0.01,0.02,100,128,6,0.0,R + full_information_amplitude,True
low_noise,69,0.01,0.02,100,128,6,0.0,R + full_information_amplitude,True
low_noise,70,0.01,0.02,100,128,6,0.0,R + full_information_amplitude,True
low_noise,71,0.01,0.02,100,128,6,0.0,R + full_information_amplitude,True
low_noise,72,0.01,0.02,100,128,6,0.0,R + full_information_amplitude,True
low_noise,73,0.01,0.02,100,128,6,0.0,R + full_information_amplitude,True
low_noise,74,0.01,0.02,100,128,6,0.0,R + full_information_amplitude,True
low_noise,75,0.01,0.02,100,128,6,0.0,R + full_information_amplitude,True
low_noise,76,0.01,0.02,100,128,6,0.0,R + full_information_amplitude,True
low_noise,77,0.01,0.02,100,128,6,0.0,R + full_information_amplitude,True
low_noise,78,0.01,0.02,100,128,6,0.0,R + full_information_amplitude,True
low_noise,79,0.01,0.02,100,128,6,0.0,R + full_information_amplitude,True
low_noise,80,0.01,0.02,100,128,6,0.0,R + full_information_amplitude,True
low_noise,81,0.01,0.02,100,128,6,0.0,R + full_information_amplitude,True
low_noise,82,0.01,0.02,100,128,6,0.0,R + full_information_amplitude,True
low_noise,83,0.01,0.02,100,128,6,0.0,R + full_information_amplitude,True
low_noise,84,0.01,0.02,100,128,6,0.0,R + full_information_amplitude,True
low_noise,85,0.01,0.02,100,128,6,0.0,R + full_information_amplitude,True
low_noise,86,0.01,0.02,100,128,6,0.0,R + full_information_amplitude,True
low_noise,87,0.01,0.02,100,128,6,0.0,R + full_information_amplitude,True
low_noise,88,0.01,0.02,100,128,6,0.0,R + full_information_amplitude,True
low_noise,89,0.01,0.02,100,128,6,0.0,R + full_information_amplitude,True
low_noise,90,0.01,0.02,100,128,6,0.0,R + full_information_amplitude,True
low_noise,91,0.01,0.02,100,128,6,0.0,R + full_information_amplitude,True
low_noise,92,0.01,0.02,100,128,6,0.0,R + full_information_amplitude,True
low_noise,93,0.01,0.02,100,128,6,0.0,R + full_information_amplitude,True
low_noise,94,0.01,0.02,100,128,6,0.0,R + full_information_amplitude,True
low_noise,95,0.01,0.02,100,128,6,0.0,R + full_information_amplitude,True
low_noise,96,0.01,0.02,100,128,6,0.0,R + full_information_amplitude,True
low_noise,97,0.01,0.02,100,128,6,0.0,R + full_information_amplitude,True
low_noise,98,0.01,0.02,100,128,6,0.0,R + full_information_amplitude,True
stochastic,0,0.05,0.45,100,128,6,0.0,R + full_information_amplitude,True
stochastic,1,0.05,0.45,100,128,6,0.0,R + full_information_amplitude,True
stochastic,2,0.05,0.45,100,128,6,0.0,R + full_information_amplitude,True
stochastic,3,0.05,0.45,100,128,6,0.0,R + full_information_amplitude,True
stochastic,4,0.05,0.45,100,128,6,0.0,R + full_information_amplitude,True
stochastic,5,0.05,0.45,100,128,6,0.0,R + full_information_amplitude,True
stochastic,6,0.05,0.45,100,128,6,0.0,R + full_information_amplitude,True
stochastic,7,0.05,0.45,100,128,6,0.0,R + full_information_amplitude,True
stochastic,8,0.05,0.45,100,128,6,0.0,R + full_information_amplitude,True
stochastic,9,0.05,0.45,100,128,6,0.0,R + full_information_amplitude,True
stochastic,10,0.05,0.45,100,128,6,0.0,R + full_information_amplitude,True
stochastic,11,0.05,0.45,100,128,6,0.0,R + full_information_amplitude,True
stochastic,12,0.05,0.45,100,128,6,0.0,R + full_information_amplitude,True
stochastic,13,0.05,0.45,100,128,6,0.0,R + full_information_amplitude,True
stochastic,14,0.05,0.45,100,128,6,0.0,R + full_information_amplitude,True
stochastic,15,0.05,0.45,100,128,6,0.0,R + full_information_amplitude,True
stochastic,16,0.05,0.45,100,128,6,0.0,R + full_information_amplitude,True
stochastic,17,0.05,0.45,100,128,6,0.0,R + full_information_amplitude,True
stochastic,18,0.05,0.45,100,128,6,0.0,R + full_information_amplitude,True
stochastic,19,0.05,0.45,100,128,6,0.0,R + full_information_amplitude,True
stochastic,20,0.05,0.45,100,128,6,0.0,R + full_information_amplitude,True
stochastic,21,0.05,0.45,100,128,6,0.0,R + full_information_amplitude,True
stochastic,22,0.05,0.45,100,128,6,0.0,R + full_information_amplitude,True
stochastic,23,0.05,0.45,100,128,6,0.0,R + full_information_amplitude,True
stochastic,24,0.05,0.45,100,128,6,0.0,R + full_information_amplitude,True
stochastic,25,0.05,0.45,100,128,6,0.0,R + full_information_amplitude,True
stochastic,26,0.05,0.45,100,128,6,0.0,R + full_information_amplitude,True
stochastic,27,0.05,0.45,100,128,6,0.0,R + full_information_amplitude,True
stochastic,28,0.05,0.45,100,128,6,0.0,R + full_information_amplitude,True
stochastic,29,0.05,0.45,100,128,6,0.0,R + full_information_amplitude,True
stochastic,30,0.05,0.45,100,128,6,0.0,R + full_information_amplitude,True
stochastic,31,0.05,0.45,100,128,6,0.0,R + full_information_amplitude,True
stochastic,32,0.05,0.45,100,128,6,0.0,R + full_information_amplitude,True
stochastic,33,0.05,0.45,100,128,6,0.0,R + full_information_amplitude,True
stochastic,34,0.05,0.45,100,128,6,0.0,R + full_information_amplitude,True
stochastic,35,0.05,0.45,100,128,6,0.0,R + full_information_amplitude,True
stochastic,36,0.05,0.45,100,128,6,0.0,R + full_information_amplitude,True
stochastic,37,0.05,0.45,100,128,6,0.0,R + full_information_amplitude,True
stochastic,38,0.05,0.45,100,128,6,0.0,R + full_information_amplitude,True
stochastic,39,0.05,0.45,100,128,6,0.0,R + full_information_amplitude,True
stochastic,40,0.05,0.45,100,128,6,0.0,R + full_information_amplitude,True
stochastic,41,0.05,0.45,100,128,6,0.0,R + full_information_amplitude,True
stochastic,42,0.05,0.45,100,128,6,0.0,R + full_information_amplitude,True
stochastic,43,0.05,0.45,100,128,6,0.0,R + full_information_amplitude,True
stochastic,44,0.05,0.45,100,128,6,0.0,R + full_information_amplitude,True
stochastic,45,0.05,0.45,100,128,6,0.0,R + full_information_amplitude,True
stochastic,46,0.05,0.45,100,128,6,0.0,R + full_information_amplitude,True
stochastic,47,0.05,0.45,100,128,6,0.0,R + full_information_amplitude,True
stochastic,48,0.05,0.45,100,128,6,0.0,R + full_information_amplitude,True
stochastic,49,0.05,0.45,100,128,6,0.0,R + full_information_amplitude,True
stochastic,50,0.05,0.45,100,128,6,0.0,R + full_information_amplitude,True
stochastic,51,0.05,0.45,100,128,6,0.0,R + full_information_amplitude,True
stochastic,52,0.05,0.45,100,128,6,0.0,R + full_information_amplitude,True
stochastic,53,0.05,0.45,100,128,6,0.0,R + full_information_amplitude,True
stochastic,54,0.05,0.45,100,128,6,0.0,R + full_information_amplitude,True
stochastic,55,0.05,0.45,100,128,6,0.0,R + full_information_amplitude,True
stochastic,56,0.05,0.45,100,128,6,0.0,R + full_information_amplitude,True
stochastic,57,0.05,0.45,100,128,6,0.0,R + full_information_amplitude,True
stochastic,58,0.05,0.45,100,128,6,0.0,R + full_information_amplitude,True
stochastic,59,0.05,0.45,100,128,6,0.0,R + full_information_amplitude,True
stochastic,60,0.05,0.45,100,128,6,0.0,R + full_information_amplitude,True
stochastic,61,0.05,0.45,100,128,6,0.0,R + full_information_amplitude,True
stochastic,62,0.05,0.45,100,128,6,0.0,R + full_information_amplitude,True
stochastic,63,0.05,0.45,100,128,6,0.0,R + full_information_amplitude,True
stochastic,64,0.05,0.45,100,128,6,0.0,R + full_information_amplitude,True
stochastic,65,0.05,0.45,100,128,6,0.0,R + full_information_amplitude,True
stochastic,66,0.05,0.45,100,128,6,0.0,R + full_information_amplitude,True
stochastic,67,0.05,0.45,100,128,6,0.0,R + full_information_amplitude,True
stochastic,68,0.05,0.45,100,128,6,0.0,R + full_information_amplitude,True
stochastic,69,0.05,0.45,100,128,6,0.0,R + full_information_amplitude,True
stochastic,70,0.05,0.45,100,128,6,0.0,R + full_information_amplitude,True
stochastic,71,0.05,0.45,100,128,6,0.0,R + full_information_amplitude,True
stochastic,72,0.05,0.45,100,128,6,0.0,R + full_information_amplitude,True
stochastic,73,0.05,0.45,100,128,6,0.0,R + full_information_amplitude,True
stochastic,74,0.05,0.45,100,128,6,0.0,R + full_information_amplitude,True
stochastic,75,0.05,0.45,100,128,6,0.0,R + full_information_amplitude,True
stochastic,76,0.05,0.45,100,128,6,0.0,R + full_information_amplitude,True
stochastic,77,0.05,0.45,100,128,6,0.0,R + full_information_amplitude,True
stochastic,78,0.05,0.45,100,128,6,0.0,R + full_information_amplitude,True
stochastic,79,0.05,0.45,100,128,6,0.0,R + full_information_amplitude,True
stochastic,80,0.05,0.45,100,128,6,0.0,R + full_information_amplitude,True
stochastic,81,0.05,0.45,100,128,6,0.0,R + full_information_amplitude,True
stochastic,82,0.05,0.45,100,128,6,0.0,R + full_information_amplitude,True
stochastic,83,0.05,0.45,100,128,6,0.0,R + full_information_amplitude,True
stochastic,84,0.05,0.45,100,128,6,0.0,R + full_information_amplitude,True
stochastic,85,0.05,0.45,100,128,6,0.0,R + full_information_amplitude,True
stochastic,86,0.05,0.45,100,128,6,0.0,R + full_information_amplitude,True
stochastic,87,0.05,0.45,100,128,6,0.0,R + full_information_amplitude,True
stochastic,88,0.05,0.45,100,128,6,0.0,R + full_information_amplitude,True
stochastic,89,0.05,0.45,100,128,6,0.0,R + full_information_amplitude,True
stochastic,90,0.05,0.45,100,128,6,0.0,R + full_information_amplitude,True
stochastic,91,0.05,0.45,100,128,6,0.0,R + full_information_amplitude,True
stochastic,92,0.05,0.45,100,128,6,0.0,R + full_information_amplitude,True
stochastic,93,0.05,0.45,100,128,6,0.0,R + full_information_amplitude,True
stochastic,94,0.05,0.45,100,128,6,0.0,R + full_information_amplitude,True
stochastic,95,0.05,0.45,100,128,6,0.0,R + full_information_amplitude,True
stochastic,96,0.05,0.45,100,128,6,0.0,R + full_information_amplitude,True
stochastic,97,0.05,0.45,100,128,6,0.0,R + full_information_amplitude,True
stochastic,98,0.05,0.45,100,128,6,0.0,R + full_information_amplitude,True
heavy_dissipation,0,0.35,0.15,100,128,6,0.0,R + full_information_amplitude,True
heavy_dissipation,1,0.35,0.15,100,128,6,0.0,R + full_information_amplitude,True
heavy_dissipation,2,0.35,0.15,100,128,6,0.0,R + full_information_amplitude,True
heavy_dissipation,3,0.35,0.15,100,128,6,0.0,R + full_information_amplitude,True
heavy_dissipation,4,0.35,0.15,100,128,6,0.0,R + full_information_amplitude,True
heavy_dissipation,5,0.35,0.15,100,128,6,0.0,R + full_information_amplitude,True
heavy_dissipation,6,0.35,0.15,100,128,6,0.0,R + full_information_amplitude,True
heavy_dissipation,7,0.35,0.15,100,128,6,0.0,R + full_information_amplitude,True
heavy_dissipation,8,0.35,0.15,100,128,6,0.0,R + full_information_amplitude,True
heavy_dissipation,9,0.35,0.15,100,128,6,0.0,R + full_information_amplitude,True
heavy_dissipation,10,0.35,0.15,100,128,6,0.0,R + full_information_amplitude,True
heavy_dissipation,11,0.35,0.15,100,128,6,0.0,R + full_information_amplitude,True
heavy_dissipation,12,0.35,0.15,100,128,6,0.0,R + full_information_amplitude,True
heavy_dissipation,13,0.35,0.15,100,128,6,0.0,R + full_information_amplitude,True
heavy_dissipation,14,0.35,0.15,100,128,6,0.0,R + full_information_amplitude,True
heavy_dissipation,15,0.35,0.15,100,128,6,0.0,R + full_information_amplitude,True
heavy_dissipation,16,0.35,0.15,100,128,6,0.0,R + full_information_amplitude,True
heavy_dissipation,17,0.35,0.15,100,128,6,0.0,R + full_information_amplitude,True
heavy_dissipation,18,0.35,0.15,100,128,6,0.0,R + full_information_amplitude,True
heavy_dissipation,19,0.35,0.15,100,128,6,0.0,R + full_information_amplitude,True
heavy_dissipation,20,0.35,0.15,100,128,6,0.0,R + full_information_amplitude,True
heavy_dissipation,21,0.35,0.15,100,128,6,0.0,R + full_information_amplitude,True
heavy_dissipation,22,0.35,0.15,100,128,6,0.0,R + full_information_amplitude,True
heavy_dissipation,23,0.35,0.15,100,128,6,0.0,R + full_information_amplitude,True
heavy_dissipation,24,0.35,0.15,100,128,6,0.0,R + full_information_amplitude,True
heavy_dissipation,25,0.35,0.15,100,128,6,0.0,R + full_information_amplitude,True
heavy_dissipation,26,0.35,0.15,100,128,6,0.0,R + full_information_amplitude,True
heavy_dissipation,27,0.35,0.15,100,128,6,0.0,R + full_information_amplitude,True
heavy_dissipation,28,0.35,0.15,100,128,6,0.0,R + full_information_amplitude,True
heavy_dissipation,29,0.35,0.15,100,128,6,0.0,R + full_information_amplitude,True
heavy_dissipation,30,0.35,0.15,100,128,6,0.0,R + full_information_amplitude,True
heavy_dissipation,31,0.35,0.15,100,128,6,0.0,R + full_information_amplitude,True
heavy_dissipation,32,0.35,0.15,100,128,6,0.0,R + full_information_amplitude,True
heavy_dissipation,33,0.35,0.15,100,128,6,0.0,R + full_information_amplitude,True
heavy_dissipation,34,0.35,0.15,100,128,6,0.0,R + full_information_amplitude,True
heavy_dissipation,35,0.35,0.15,100,128,6,0.0,R + full_information_amplitude,True
heavy_dissipation,36,0.35,0.15,100,128,6,0.0,R + full_information_amplitude,True
heavy_dissipation,37,0.35,0.15,100,128,6,0.0,R + full_information_amplitude,True
heavy_dissipation,38,0.35,0.15,100,128,6,0.0,R + full_information_amplitude,True
heavy_dissipation,39,0.35,0.15,100,128,6,0.0,R + full_information_amplitude,True
heavy_dissipation,40,0.35,0.15,100,128,6,0.0,R + full_information_amplitude,True
heavy_dissipation,41,0.35,0.15,100,128,6,0.0,R + full_information_amplitude,True
heavy_dissipation,42,0.35,0.15,100,128,6,0.0,R + full_information_amplitude,True
heavy_dissipation,43,0.35,0.15,100,128,6,0.0,R + full_information_amplitude,True
heavy_dissipation,44,0.35,0.15,100,128,6,0.0,R + full_information_amplitude,True
heavy_dissipation,45,0.35,0.15,100,128,6,0.0,R + full_information_amplitude,True
heavy_dissipation,46,0.35,0.15,100,128,6,0.0,R + full_information_amplitude,True
heavy_dissipation,47,0.35,0.15,100,128,6,0.0,R + full_information_amplitude,True
heavy_dissipation,48,0.35,0.15,100,128,6,0.0,R + full_information_amplitude,True
heavy_dissipation,49,0.35,0.15,100,128,6,0.0,R + full_information_amplitude,True
heavy_dissipation,50,0.35,0.15,100,128,6,0.0,R + full_information_amplitude,True
heavy_dissipation,51,0.35,0.15,100,128,6,0.0,R + full_information_amplitude,True
heavy_dissipation,52,0.35,0.15,100,128,6,0.0,R + full_information_amplitude,True
heavy_dissipation,53,0.35,0.15,100,128,6,0.0,R + full_information_amplitude,True
heavy_dissipation,54,0.35,0.15,100,128,6,0.0,R + full_information_amplitude,True
heavy_dissipation,55,0.35,0.15,100,128,6,0.0,R + full_information_amplitude,True
heavy_dissipation,56,0.35,0.15,100,128,6,0.0,R + full_information_amplitude,True
heavy_dissipation,57,0.35,0.15,100,128,6,0.0,R + full_information_amplitude,True
heavy_dissipation,58,0.35,0.15,100,128,6,0.0,R + full_information_amplitude,True
heavy_dissipation,59,0.35,0.15,100,128,6,0.0,R + full_information_amplitude,True
heavy_dissipation,60,0.35,0.15,100,128,6,0.0,R + full_information_amplitude,True
heavy_dissipation,61,0.35,0.15,100,128,6,0.0,R + full_information_amplitude,True
heavy_dissipation,62,0.35,0.15,100,128,6,0.0,R + full_information_amplitude,True
heavy_dissipation,63,0.35,0.15,100,128,6,0.0,R + full_information_amplitude,True
heavy_dissipation,64,0.35,0.15,100,128,6,0.0,R + full_information_amplitude,True
heavy_dissipation,65,0.35,0.15,100,128,6,0.0,R + full_information_amplitude,True
heavy_dissipation,66,0.35,0.15,100,128,6,0.0,R + full_information_amplitude,True
heavy_dissipation,67,0.35,0.15,100,128,6,0.0,R + full_information_amplitude,True
heavy_dissipation,68,0.35,0.15,100,128,6,0.0,R + full_information_amplitude,True
heavy_dissipation,69,0.35,0.15,100,128,6,0.0,R + full_information_amplitude,True
heavy_dissipation,70,0.35,0.15,100,128,6,0.0,R + full_information_amplitude,True
heavy_dissipation,71,0.35,0.15,100,128,6,0.0,R + full_information_amplitude,True
heavy_dissipation,72,0.35,0.15,100,128,6,0.0,R + full_information_amplitude,True
heavy_dissipation,73,0.35,0.15,100,128,6,0.0,R + full_information_amplitude,True
heavy_dissipation,74,0.35,0.15,100,128,6,0.0,R + full_information_amplitude,True
heavy_dissipation,75,0.35,0.15,100,128,6,0.0,R + full_information_amplitude,True
heavy_dissipation,76,0.35,0.15,100,128,6,0.0,R + full_information_amplitude,True
heavy_dissipation,77,0.35,0.15,100,128,6,0.0,R + full_information_amplitude,True
heavy_dissipation,78,0.35,0.15,100,128,6,0.0,R + full_information_amplitude,True
heavy_dissipation,79,0.35,0.15,100,128,6,0.0,R + full_information_amplitude,True
heavy_dissipation,80,0.35,0.15,100,128,6,0.0,R + full_information_amplitude,True
heavy_dissipation,81,0.35,0.15,100,128,6,0.0,R + full_information_amplitude,True
heavy_dissipation,82,0.35,0.15,100,128,6,0.0,R + full_information_amplitude,True
heavy_dissipation,83,0.35,0.15,100,128,6,0.0,R + full_information_amplitude,True
heavy_dissipation,84,0.35,0.15,100,128,6,0.0,R + full_information_amplitude,True
heavy_dissipation,85,0.35,0.15,100,128,6,0.0,R + full_information_amplitude,True
heavy_dissipation,86,0.35,0.15,100,128,6,0.0,R + full_information_amplitude,True
heavy_dissipation,87,0.35,0.15,100,128,6,0.0,R + full_information_amplitude,True
heavy_dissipation,88,0.35,0.15,100,128,6,0.0,R + full_information_amplitude,True
heavy_dissipation,89,0.35,0.15,100,128,6,0.0,R + full_information_amplitude,True
heavy_dissipation,90,0.35,0.15,100,128,6,0.0,R + full_information_amplitude,True
heavy_dissipation,91,0.35,0.15,100,128,6,0.0,R + full_information_amplitude,True
heavy_dissipation,92,0.35,0.15,100,128,6,0.0,R + full_information_amplitude,True
heavy_dissipation,93,0.35,0.15,100,128,6,0.0,R + full_information_amplitude,True
heavy_dissipation,94,0.35,0.15,100,128,6,0.0,R + full_information_amplitude,True
heavy_dissipation,95,0.35,0.15,100,128,6,0.0,R + full_information_amplitude,True
heavy_dissipation,96,0.35,0.15,100,128,6,0.0,R + full_information_amplitude,True
heavy_dissipation,97,0.35,0.15,100,128,6,0.0,R + full_information_amplitude,True
heavy_dissipation,98,0.35,0.15,100,128,6,0.0,R + full_information_amplitude,True
collapse,0,0.5,0.65,100,128,6,0.0,R + full_information_amplitude,True
collapse,1,0.5,0.65,100,128,6,0.0,R + full_information_amplitude,True
collapse,2,0.5,0.65,100,128,6,0.0,R + full_information_amplitude,True
collapse,3,0.5,0.65,100,128,6,0.0,R + full_information_amplitude,True
collapse,4,0.5,0.65,100,128,6,0.0,R + full_information_amplitude,True
collapse,5,0.5,0.65,100,128,6,0.0,R + full_information_amplitude,True
collapse,6,0.5,0.65,100,128,6,0.0,R + full_information_amplitude,True
collapse,7,0.5,0.65,100,128,6,0.0,R + full_information_amplitude,True
collapse,8,0.5,0.65,100,128,6,0.0,R + full_information_amplitude,True
collapse,9,0.5,0.65,100,128,6,0.0,R + full_information_amplitude,True
collapse,10,0.5,0.65,100,128,6,0.0,R + full_information_amplitude,True
collapse,11,0.5,0.65,100,128,6,0.0,R + full_information_amplitude,True
collapse,12,0.5,0.65,100,128,6,0.0,R + full_information_amplitude,True
collapse,13,0.5,0.65,100,128,6,0.0,R + full_information_amplitude,True
collapse,14,0.5,0.65,100,128,6,0.0,R + full_information_amplitude,True
collapse,15,0.5,0.65,100,128,6,0.0,R + full_information_amplitude,True
collapse,16,0.5,0.65,100,128,6,0.0,R + full_information_amplitude,True
collapse,17,0.5,0.65,100,128,6,0.0,R + full_information_amplitude,True
collapse,18,0.5,0.65,100,128,6,0.0,R + full_information_amplitude,True
collapse,19,0.5,0.65,100,128,6,0.0,R + full_information_amplitude,True
collapse,20,0.5,0.65,100,128,6,0.0,R + full_information_amplitude,True
collapse,21,0.5,0.65,100,128,6,0.0,R + full_information_amplitude,True
collapse,22,0.5,0.65,100,128,6,0.0,R + full_information_amplitude,True
collapse,23,0.5,0.65,100,128,6,0.0,R + full_information_amplitude,True
collapse,24,0.5,0.65,100,128,6,0.0,R + full_information_amplitude,True
collapse,25,0.5,0.65,100,128,6,0.0,R + full_information_amplitude,True
collapse,26,0.5,0.65,100,128,6,0.0,R + full_information_amplitude,True
collapse,27,0.5,0.65,100,128,6,0.0,R + full_information_amplitude,True
collapse,28,0.5,0.65,100,128,6,0.0,R + full_information_amplitude,True
collapse,29,0.5,0.65,100,128,6,0.0,R + full_information_amplitude,True
collapse,30,0.5,0.65,100,128,6,0.0,R + full_information_amplitude,True
collapse,31,0.5,0.65,100,128,6,0.0,R + full_information_amplitude,True
collapse,32,0.5,0.65,100,128,6,0.0,R + full_information_amplitude,True
collapse,33,0.5,0.65,100,128,6,0.0,R + full_information_amplitude,True
collapse,34,0.5,0.65,100,128,6,0.0,R + full_information_amplitude,True
collapse,35,0.5,0.65,100,128,6,0.0,R + full_information_amplitude,True
collapse,36,0.5,0.65,100,128,6,0.0,R + full_information_amplitude,True
collapse,37,0.5,0.65,100,128,6,0.0,R + full_information_amplitude,True
collapse,38,0.5,0.65,100,128,6,0.0,R + full_information_amplitude,True
collapse,39,0.5,0.65,100,128,6,0.0,R + full_information_amplitude,True
collapse,40,0.5,0.65,100,128,6,0.0,R + full_information_amplitude,True
collapse,41,0.5,0.65,100,128,6,0.0,R + full_information_amplitude,True
collapse,42,0.5,0.65,100,128,6,0.0,R + full_information_amplitude,True
collapse,43,0.5,0.65,100,128,6,0.0,R + full_information_amplitude,True
collapse,44,0.5,0.65,100,128,6,0.0,R + full_information_amplitude,True
collapse,45,0.5,0.65,100,128,6,0.0,R + full_information_amplitude,True
collapse,46,0.5,0.65,100,128,6,0.0,R + full_information_amplitude,True
collapse,47,0.5,0.65,100,128,6,0.0,R + full_information_amplitude,True
collapse,48,0.5,0.65,100,128,6,0.0,R + full_information_amplitude,True
collapse,49,0.5,0.65,100,128,6,0.0,R + full_information_amplitude,True
collapse,50,0.5,0.65,100,128,6,0.0,R + full_information_amplitude,True
collapse,51,0.5,0.65,100,128,6,0.0,R + full_information_amplitude,True
collapse,52,0.5,0.65,100,128,6,0.0,R + full_information_amplitude,True
collapse,53,0.5,0.65,100,128,6,0.0,R + full_information_amplitude,True
collapse,54,0.5,0.65,100,128,6,0.0,R + full_information_amplitude,True
collapse,55,0.5,0.65,100,128,6,0.0,R + full_information_amplitude,True
collapse,56,0.5,0.65,100,128,6,0.0,R + full_information_amplitude,True
collapse,57,0.5,0.65,100,128,6,0.0,R + full_information_amplitude,True
collapse,58,0.5,0.65,100,128,6,0.0,R + full_information_amplitude,True
collapse,59,0.5,0.65,100,128,6,0.0,R + full_information_amplitude,True
collapse,60,0.5,0.65,100,128,6,0.0,R + full_information_amplitude,True
collapse,61,0.5,0.65,100,128,6,0.0,R + full_information_amplitude,True
collapse,62,0.5,0.65,100,128,6,0.0,R + full_information_amplitude,True
collapse,63,0.5,0.65,100,128,6,0.0,R + full_information_amplitude,True
collapse,64,0.5,0.65,100,128,6,0.0,R + full_information_amplitude,True
collapse,65,0.5,0.65,100,128,6,0.0,R + full_information_amplitude,True
collapse,66,0.5,0.65,100,128,6,0.0,R + full_information_amplitude,True
collapse,67,0.5,0.65,100,128,6,0.0,R + full_information_amplitude,True
collapse,68,0.5,0.65,100,128,6,0.0,R + full_information_amplitude,True
collapse,69,0.5,0.65,100,128,6,0.0,R + full_information_amplitude,True
collapse,70,0.5,0.65,100,128,6,0.0,R + full_information_amplitude,True
collapse,71,0.5,0.65,100,128,6,0.0,R + full_information_amplitude,True
collapse,72,0.5,0.65,100,128,6,0.0,R + full_information_amplitude,True
collapse,73,0.5,0.65,100,128,6,0.0,R + full_information_amplitude,True
collapse,74,0.5,0.65,100,128,6,0.0,R + full_information_amplitude,True
collapse,75,0.5,0.65,100,128,6,0.0,R + full_information_amplitude,True
collapse,76,0.5,0.65,100,128,6,0.0,R + full_information_amplitude,True
collapse,77,0.5,0.65,100,128,6,0.0,R + full_information_amplitude,True
collapse,78,0.5,0.65,100,128,6,0.0,R + full_information_amplitude,True
collapse,79,0.5,0.65,100,128,6,0.0,R + full_information_amplitude,True
collapse,80,0.5,0.65,100,128,6,0.0,R + full_information_amplitude,True
collapse,81,0.5,0.65,100,128,6,0.0,R + full_information_amplitude,True
collapse,82,0.5,0.65,100,128,6,0.0,R + full_information_amplitude,True
collapse,83,0.5,0.65,100,128,6,0.0,R + full_information_amplitude,True
collapse,84,0.5,0.65,100,128,6,0.0,R + full_information_amplitude,True
collapse,85,0.5,0.65,100,128,6,0.0,R + full_information_amplitude,True
collapse,86,0.5,0.65,100,128,6,0.0,R + full_information_amplitude,True
collapse,87,0.5,0.65,100,128,6,0.0,R + full_information_amplitude,True
collapse,88,0.5,0.65,100,128,6,0.0,R + full_information_amplitude,True
collapse,89,0.5,0.65,100,128,6,0.0,R + full_information_amplitude,True
collapse,90,0.5,0.65,100,128,6,0.0,R + full_information_amplitude,True
collapse,91,0.5,0.65,100,128,6,0.0,R + full_information_amplitude,True
collapse,92,0.5,0.65,100,128,6,0.0,R + full_information_amplitude,True
collapse,93,0.5,0.65,100,128,6,0.0,R + full_information_amplitude,True
collapse,94,0.5,0.65,100,128,6,0.0,R + full_information_amplitude,True
collapse,95,0.5,0.65,100,128,6,0.0,R + full_information_amplitude,True
collapse,96,0.5,0.65,100,128,6,0.0,R + full_information_amplitude,True
collapse,97,0.5,0.65,100,128,6,0.0,R + full_information_amplitude,True
collapse,98,0.5,0.65,100,128,6,0.0,R + full_information_amplitude,True
metastable,0,0.15,0.3,100,128,6,0.0,R + full_information_amplitude,True
metastable,1,0.15,0.3,100,128,6,0.0,R + full_information_amplitude,True
metastable,2,0.15,0.3,100,128,6,0.0,R + full_information_amplitude,True
metastable,3,0.15,0.3,100,128,6,0.0,R + full_information_amplitude,True
metastable,4,0.15,0.3,100,128,6,0.0,R + full_information_amplitude,True
metastable,5,0.15,0.3,100,128,6,0.0,R + full_information_amplitude,True
metastable,6,0.15,0.3,100,128,6,0.0,R + full_information_amplitude,True
metastable,7,0.15,0.3,100,128,6,0.0,R + full_information_amplitude,True
metastable,8,0.15,0.3,100,128,6,0.0,R + full_information_amplitude,True
metastable,9,0.15,0.3,100,128,6,0.0,R + full_information_amplitude,True
metastable,10,0.15,0.3,100,128,6,0.0,R + full_information_amplitude,True
metastable,11,0.15,0.3,100,128,6,0.0,R + full_information_amplitude,True
metastable,12,0.15,0.3,100,128,6,0.0,R + full_information_amplitude,True
metastable,13,0.15,0.3,100,128,6,0.0,R + full_information_amplitude,True
metastable,14,0.15,0.3,100,128,6,0.0,R + full_information_amplitude,True
metastable,15,0.15,0.3,100,128,6,0.0,R + full_information_amplitude,True
metastable,16,0.15,0.3,100,128,6,0.0,R + full_information_amplitude,True
metastable,17,0.15,0.3,100,128,6,0.0,R + full_information_amplitude,True
metastable,18,0.15,0.3,100,128,6,0.0,R + full_information_amplitude,True
metastable,19,0.15,0.3,100,128,6,0.0,R + full_information_amplitude,True
metastable,20,0.15,0.3,100,128,6,0.0,R + full_information_amplitude,True
metastable,21,0.15,0.3,100,128,6,0.0,R + full_information_amplitude,True
metastable,22,0.15,0.3,100,128,6,0.0,R + full_information_amplitude,True
metastable,23,0.15,0.3,100,128,6,0.0,R + full_information_amplitude,True
metastable,24,0.15,0.3,100,128,6,0.0,R + full_information_amplitude,True
metastable,25,0.15,0.3,100,128,6,0.0,R + full_information_amplitude,True
metastable,26,0.15,0.3,100,128,6,0.0,R + full_information_amplitude,True
metastable,27,0.15,0.3,100,128,6,0.0,R + full_information_amplitude,True
metastable,28,0.15,0.3,100,128,6,0.0,R + full_information_amplitude,True
metastable,29,0.15,0.3,100,128,6,0.0,R + full_information_amplitude,True
metastable,30,0.15,0.3,100,128,6,0.0,R + full_information_amplitude,True
metastable,31,0.15,0.3,100,128,6,0.0,R + full_information_amplitude,True
metastable,32,0.15,0.3,100,128,6,0.0,R + full_information_amplitude,True
metastable,33,0.15,0.3,100,128,6,0.0,R + full_information_amplitude,True
metastable,34,0.15,0.3,100,128,6,0.0,R + full_information_amplitude,True
metastable,35,0.15,0.3,100,128,6,0.0,R + full_information_amplitude,True
metastable,36,0.15,0.3,100,128,6,0.0,R + full_information_amplitude,True
metastable,37,0.15,0.3,100,128,6,0.0,R + full_information_amplitude,True
metastable,38,0.15,0.3,100,128,6,0.0,R + full_information_amplitude,True
metastable,39,0.15,0.3,100,128,6,0.0,R + full_information_amplitude,True
metastable,40,0.15,0.3,100,128,6,0.0,R + full_information_amplitude,True
metastable,41,0.15,0.3,100,128,6,0.0,R + full_information_amplitude,True
metastable,42,0.15,0.3,100,128,6,0.0,R + full_information_amplitude,True
metastable,43,0.15,0.3,100,128,6,0.0,R + full_information_amplitude,True
metastable,44,0.15,0.3,100,128,6,0.0,R + full_information_amplitude,True
metastable,45,0.15,0.3,100,128,6,0.0,R + full_information_amplitude,True
metastable,46,0.15,0.3,100,128,6,0.0,R + full_information_amplitude,True
metastable,47,0.15,0.3,100,128,6,0.0,R + full_information_amplitude,True
metastable,48,0.15,0.3,100,128,6,0.0,R + full_information_amplitude,True
metastable,49,0.15,0.3,100,128,6,0.0,R + full_information_amplitude,True
metastable,50,0.15,0.3,100,128,6,0.0,R + full_information_amplitude,True
metastable,51,0.15,0.3,100,128,6,0.0,R + full_information_amplitude,True
metastable,52,0.15,0.3,100,128,6,0.0,R + full_information_amplitude,True
metastable,53,0.15,0.3,100,128,6,0.0,R + full_information_amplitude,True
metastable,54,0.15,0.3,100,128,6,0.0,R + full_information_amplitude,True
metastable,55,0.15,0.3,100,128,6,0.0,R + full_information_amplitude,True
metastable,56,0.15,0.3,100,128,6,0.0,R + full_information_amplitude,True
metastable,57,0.15,0.3,100,128,6,0.0,R + full_information_amplitude,True
metastable,58,0.15,0.3,100,128,6,0.0,R + full_information_amplitude,True
metastable,59,0.15,0.3,100,128,6,0.0,R + full_information_amplitude,True
metastable,60,0.15,0.3,100,128,6,0.0,R + full_information_amplitude,True
metastable,61,0.15,0.3,100,128,6,0.0,R + full_information_amplitude,True
metastable,62,0.15,0.3,100,128,6,0.0,R + full_information_amplitude,True
metastable,63,0.15,0.3,100,128,6,0.0,R + full_information_amplitude,True
metastable,64,0.15,0.3,100,128,6,0.0,R + full_information_amplitude,True
metastable,65,0.15,0.3,100,128,6,0.0,R + full_information_amplitude,True
metastable,66,0.15,0.3,100,128,6,0.0,R + full_information_amplitude,True
metastable,67,0.15,0.3,100,128,6,0.0,R + full_information_amplitude,True
metastable,68,0.15,0.3,100,128,6,0.0,R + full_information_amplitude,True
metastable,69,0.15,0.3,100,128,6,0.0,R + full_information_amplitude,True
metastable,70,0.15,0.3,100,128,6,0.0,R + full_information_amplitude,True
metastable,71,0.15,0.3,100,128,6,0.0,R + full_information_amplitude,True
metastable,72,0.15,0.3,100,128,6,0.0,R + full_information_amplitude,True
metastable,73,0.15,0.3,100,128,6,0.0,R + full_information_amplitude,True
metastable,74,0.15,0.3,100,128,6,0.0,R + full_information_amplitude,True
metastable,75,0.15,0.3,100,128,6,0.0,R + full_information_amplitude,True
metastable,76,0.15,0.3,100,128,6,0.0,R + full_information_amplitude,True
metastable,77,0.15,0.3,100,128,6,0.0,R + full_information_amplitude,True
metastable,78,0.15,0.3,100,128,6,0.0,R + full_information_amplitude,True
metastable,79,0.15,0.3,100,128,6,0.0,R + full_information_amplitude,True
metastable,80,0.15,0.3,100,128,6,0.0,R + full_information_amplitude,True
metastable,81,0.15,0.3,100,128,6,0.0,R + full_information_amplitude,True
metastable,82,0.15,0.3,100,128,6,0.0,R + full_information_amplitude,True
metastable,83,0.15,0.3,100,128,6,0.0,R + full_information_amplitude,True
metastable,84,0.15,0.3,100,128,6,0.0,R + full_information_amplitude,True
metastable,85,0.15,0.3,100,128,6,0.0,R + full_information_amplitude,True
metastable,86,0.15,0.3,100,128,6,0.0,R + full_information_amplitude,True
metastable,87,0.15,0.3,100,128,6,0.0,R + full_information_amplitude,True
metastable,88,0.15,0.3,100,128,6,0.0,R + full_information_amplitude,True
metastable,89,0.15,0.3,100,128,6,0.0,R + full_information_amplitude,True
metastable,90,0.15,0.3,100,128,6,0.0,R + full_information_amplitude,True
metastable,91,0.15,0.3,100,128,6,0.0,R + full_information_amplitude,True
metastable,92,0.15,0.3,100,128,6,0.0,R + full_information_amplitude,True
metastable,93,0.15,0.3,100,128,6,0.0,R + full_information_amplitude,True
metastable,94,0.15,0.3,100,128,6,0.0,R + full_information_amplitude,True
metastable,95,0.15,0.3,100,128,6,0.0,R + full_information_amplitude,True
metastable,96,0.15,0.3,100,128,6,0.0,R + full_information_amplitude,True
metastable,97,0.15,0.3,100,128,6,0.0,R + full_information_amplitude,True
metastable,98,0.15,0.3,100,128,6,0.0,R + full_information_amplitude,True
