trajectory_id,regime,trajectory_index,noise_seed,noise_sigma,open_gamma,reference_gamma,timesteps,spatial_points,paired_noise_max_error
low_noise_000,low_noise,0,150000,0.02,0.01,0.0,100,128,0.0
low_noise_001,low_noise,1,150001,0.02,0.01,0.0,100,128,0.0
low_noise_002,low_noise,2,150002,0.02,0.01,0.0,100,128,0.0
low_noise_003,low_noise,3,150003,0.02,0.01,0.0,100,128,0.0
low_noise_004,low_noise,4,150004,0.02,0.01,0.0,100,128,0.0
low_noise_005,low_noise,5,150005,0.02,0.01,0.0,100,128,0.0
low_noise_006,low_noise,6,150006,0.02,0.01,0.0,100,128,0.0
low_noise_007,low_noise,7,150007,0.02,0.01,0.0,100,128,0.0
low_noise_008,low_noise,8,150008,0.02,0.01,0.0,100,128,0.0
low_noise_009,low_noise,9,150009,0.02,0.01,0.0,100,128,0.0
low_noise_010,low_noise,10,150010,0.02,0.01,0.0,100,128,0.0
low_noise_011,low_noise,11,150011,0.02,0.01,0.0,100,128,0.0
low_noise_012,low_noise,12,150012,0.02,0.01,0.0,100,128,0.0
low_noise_013,low_noise,13,150013,0.02,0.01,0.0,100,128,0.0
low_noise_014,low_noise,14,150014,0.02,0.01,0.0,100,128,0.0
low_noise_015,low_noise,15,150015,0.02,0.01,0.0,100,128,0.0
low_noise_016,low_noise,16,150016,0.02,0.01,0.0,100,128,0.0
low_noise_017,low_noise,17,150017,0.02,0.01,0.0,100,128,0.0
low_noise_018,low_noise,18,150018,0.02,0.01,0.0,100,128,0.0
low_noise_019,low_noise,19,150019,0.02,0.01,0.0,100,128,0.0
stochastic_000,stochastic,0,150020,0.45,0.05,0.0,100,128,0.0
stochastic_001,stochastic,1,150021,0.45,0.05,0.0,100,128,0.0
stochastic_002,stochastic,2,150022,0.45,0.05,0.0,100,128,0.0
stochastic_003,stochastic,3,150023,0.45,0.05,0.0,100,128,0.0
stochastic_004,stochastic,4,150024,0.45,0.05,0.0,100,128,0.0
stochastic_005,stochastic,5,150025,0.45,0.05,0.0,100,128,0.0
stochastic_006,stochastic,6,150026,0.45,0.05,0.0,100,128,0.0
stochastic_007,stochastic,7,150027,0.45,0.05,0.0,100,128,0.0
stochastic_008,stochastic,8,150028,0.45,0.05,0.0,100,128,0.0
stochastic_009,stochastic,9,150029,0.45,0.05,0.0,100,128,0.0
stochastic_010,stochastic,10,150030,0.45,0.05,0.0,100,128,0.0
stochastic_011,stochastic,11,150031,0.45,0.05,0.0,100,128,0.0
stochastic_012,stochastic,12,150032,0.45,0.05,0.0,100,128,0.0
stochastic_013,stochastic,13,150033,0.45,0.05,0.0,100,128,0.0
stochastic_014,stochastic,14,150034,0.45,0.05,0.0,100,128,0.0
stochastic_015,stochastic,15,150035,0.45,0.05,0.0,100,128,0.0
stochastic_016,stochastic,16,150036,0.45,0.05,0.0,100,128,0.0
stochastic_017,stochastic,17,150037,0.45,0.05,0.0,100,128,0.0
stochastic_018,stochastic,18,150038,0.45,0.05,0.0,100,128,0.0
stochastic_019,stochastic,19,150039,0.45,0.05,0.0,100,128,0.0
heavy_dissipation_000,heavy_dissipation,0,150040,0.15,0.35,0.0,100,128,0.0
heavy_dissipation_001,heavy_dissipation,1,150041,0.15,0.35,0.0,100,128,0.0
heavy_dissipation_002,heavy_dissipation,2,150042,0.15,0.35,0.0,100,128,0.0
heavy_dissipation_003,heavy_dissipation,3,150043,0.15,0.35,0.0,100,128,0.0
heavy_dissipation_004,heavy_dissipation,4,150044,0.15,0.35,0.0,100,128,0.0
heavy_dissipation_005,heavy_dissipation,5,150045,0.15,0.35,0.0,100,128,0.0
heavy_dissipation_006,heavy_dissipation,6,150046,0.15,0.35,0.0,100,128,0.0
heavy_dissipation_007,heavy_dissipation,7,150047,0.15,0.35,0.0,100,128,0.0
heavy_dissipation_008,heavy_dissipation,8,150048,0.15,0.35,0.0,100,128,0.0
heavy_dissipation_009,heavy_dissipation,9,150049,0.15,0.35,0.0,100,128,0.0
heavy_dissipation_010,heavy_dissipation,10,150050,0.15,0.35,0.0,100,128,0.0
heavy_dissipation_011,heavy_dissipation,11,150051,0.15,0.35,0.0,100,128,0.0
heavy_dissipation_012,heavy_dissipation,12,150052,0.15,0.35,0.0,100,128,0.0
heavy_dissipation_013,heavy_dissipation,13,150053,0.15,0.35,0.0,100,128,0.0
heavy_dissipation_014,heavy_dissipation,14,150054,0.15,0.35,0.0,100,128,0.0
heavy_dissipation_015,heavy_dissipation,15,150055,0.15,0.35,0.0,100,128,0.0
heavy_dissipation_016,heavy_dissipation,16,150056,0.15,0.35,0.0,100,128,0.0
heavy_dissipation_017,heavy_dissipation,17,150057,0.15,0.35,0.0,100,128,0.0
heavy_dissipation_018,heavy_dissipation,18,150058,0.15,0.35,0.0,100,128,0.0
heavy_dissipation_019,heavy_dissipation,19,150059,0.15,0.35,0.0,100,128,0.0
collapse_000,collapse,0,150060,0.65,0.5,0.0,100,128,0.0
collapse_001,collapse,1,150061,0.65,0.5,0.0,100,128,0.0
collapse_002,collapse,2,150062,0.65,0.5,0.0,100,128,0.0
collapse_003,collapse,3,150063,0.65,0.5,0.0,100,128,0.0
collapse_004,collapse,4,150064,0.65,0.5,0.0,100,128,0.0
collapse_005,collapse,5,150065,0.65,0.5,0.0,100,128,0.0
collapse_006,collapse,6,150066,0.65,0.5,0.0,100,128,0.0
collapse_007,collapse,7,150067,0.65,0.5,0.0,100,128,0.0
collapse_008,collapse,8,150068,0.65,0.5,0.0,100,128,0.0
collapse_009,collapse,9,150069,0.65,0.5,0.0,100,128,0.0
collapse_010,collapse,10,150070,0.65,0.5,0.0,100,128,0.0
collapse_011,collapse,11,150071,0.65,0.5,0.0,100,128,0.0
collapse_012,collapse,12,150072,0.65,0.5,0.0,100,128,0.0
collapse_013,collapse,13,150073,0.65,0.5,0.0,100,128,0.0
collapse_014,collapse,14,150074,0.65,0.5,0.0,100,128,0.0
collapse_015,collapse,15,150075,0.65,0.5,0.0,100,128,0.0
collapse_016,collapse,16,150076,0.65,0.5,0.0,100,128,0.0
collapse_017,collapse,17,150077,0.65,0.5,0.0,100,128,0.0
collapse_018,collapse,18,150078,0.65,0.5,0.0,100,128,0.0
collapse_019,collapse,19,150079,0.65,0.5,0.0,100,128,0.0
metastable_000,metastable,0,150080,0.3,0.15,0.0,100,128,0.0
metastable_001,metastable,1,150081,0.3,0.15,0.0,100,128,0.0
metastable_002,metastable,2,150082,0.3,0.15,0.0,100,128,0.0
metastable_003,metastable,3,150083,0.3,0.15,0.0,100,128,0.0
metastable_004,metastable,4,150084,0.3,0.15,0.0,100,128,0.0
metastable_005,metastable,5,150085,0.3,0.15,0.0,100,128,0.0
metastable_006,metastable,6,150086,0.3,0.15,0.0,100,128,0.0
metastable_007,metastable,7,150087,0.3,0.15,0.0,100,128,0.0
metastable_008,metastable,8,150088,0.3,0.15,0.0,100,128,0.0
metastable_009,metastable,9,150089,0.3,0.15,0.0,100,128,0.0
metastable_010,metastable,10,150090,0.3,0.15,0.0,100,128,0.0
metastable_011,metastable,11,150091,0.3,0.15,0.0,100,128,0.0
metastable_012,metastable,12,150092,0.3,0.15,0.0,100,128,0.0
metastable_013,metastable,13,150093,0.3,0.15,0.0,100,128,0.0
metastable_014,metastable,14,150094,0.3,0.15,0.0,100,128,0.0
metastable_015,metastable,15,150095,0.3,0.15,0.0,100,128,0.0
metastable_016,metastable,16,150096,0.3,0.15,0.0,100,128,0.0
metastable_017,metastable,17,150097,0.3,0.15,0.0,100,128,0.0
metastable_018,metastable,18,150098,0.3,0.15,0.0,100,128,0.0
metastable_019,metastable,19,150099,0.3,0.15,0.0,100,128,0.0
